org,year,count
abcnews,2014,1
abcnews,2015,7
abcnews,2016,8
abcnews,2017,52
abcnews,2018,25
abcnews,2019,18
abcnews,2020,28
abcnews,2021,14
abcnews,2022,25
abcnews,2023,10
abcnews,2024,4
abcnews,2025,15
abcotvdata,2021,13
abcotvdata,2022,39
abcotvdata,2023,16
abcotvdata,2024,7
abcotvdata,2025,4
accurat,2014,2
accurat,2015,1
accurat,2016,2
accurat,2017,2
accurat,2018,6
accurat,2019,6
accurat,2020,5
accurat,2021,3
accurat,2022,1
accurat,2024,1
aftenposten,2020,3
aftenposten,2022,1
aftenposten,2023,1
ajam,2013,2
ajam,2014,11
ajam,2015,7
ajinteractive,2015,1
ajinteractive,2016,2
alephdata,2014,1
alephdata,2017,3
alephdata,2018,5
alephdata,2019,6
alephdata,2020,9
alephdata,2021,3
alephdata,2022,3
alephdata,2025,1
aljazeeraplus,2021,2
ancir,2013,1
ancir,2014,8
ancir,2015,4
ancir,2016,2
ancir,2017,1
animalpolitico,2018,1
animalpolitico,2020,1
apmg,2012,5
apmg,2013,10
apmg,2014,6
apmg,2015,3
apmg,2016,1
apmg,2017,5
apmg,2018,3
apmg,2019,5
apmg,2020,3
apmg,2023,1
arizona-republic-data,2021,2
arizona-republic-data,2022,1
arizonadailystar,2012,1
arizonadailystar,2016,1
arizonadailystar,2019,1
associatedpress,2014,1
associatedpress,2015,2
associatedpress,2016,1
associatedpress,2017,8
associatedpress,2018,3
associatedpress,2019,4
associatedpress,2020,2
associatedpress,2021,1
associatedpress,2022,1
associatedpress,2023,3
associatedpress,2024,1
axioscode,2018,2
azpm,2012,13
badideafactory,2015,1
badideafactory,2016,5
badideafactory,2017,9
badideafactory,2018,8
badideafactory,2019,7
badideafactory,2020,7
badideafactory,2021,1
badideafactory,2022,1
badideafactory,2023,1
badideafactory,2024,1
badideafactory,2025,2
baltimore-sun-data,2015,9
baltimore-sun-data,2016,18
baltimore-sun-data,2017,17
baltimore-sun-data,2018,16
baltimore-sun-data,2019,7
baltimore-sun-data,2020,2
bangordailynews,2011,6
bangordailynews,2014,2
bangordailynews,2015,11
bangordailynews,2016,6
baycitizen,2011,4
baycitizen,2012,1
bayerischer-rundfunk,2021,2
bbc-data-unit,2016,35
bbc-data-unit,2017,60
bbc-data-unit,2018,55
bbc-data-unit,2019,71
bbc-data-unit,2020,49
bbc-data-unit,2021,8
bbc-data-unit,2022,7
bbc-data-unit,2023,7
bbc-data-unit,2024,5
bbc-data-unit,2025,8
bbc-data-unit,2026,1
bbc-news,2025,1
bellingcat,2020,4
bellingcat,2021,6
bellingcat,2022,16
bellingcat,2023,15
bellingcat,2024,8
bellingcat,2025,7
bergenstidende,2015,5
bergenstidende,2016,1
bergenstidende,2017,1
bergenstidende,2018,1
bergenstidende,2020,2
bergenstidende,2022,4
bergenstidende,2023,2
bettergov,2017,1
bettergov,2018,8
bettergov,2019,3
bettergov,2022,2
biglocalnews,2019,1
biglocalnews,2020,9
biglocalnews,2021,4
biglocalnews,2022,9
biglocalnews,2023,4
biglocalnews,2025,7
bloomberg,2012,3
bloomberg,2013,1
bloomberg,2014,5
bloomberg,2015,15
bloomberg,2016,18
bloomberg,2017,13
bloomberg,2018,11
bloomberg,2019,12
bloomberg,2020,9
bloomberg,2021,10
bloomberg,2022,9
bloomberg,2023,10
bloomberg,2024,6
bloomberg,2025,11
bloomberggraphics,2015,1
bloomberggraphics,2017,5
bloomberggraphics,2018,1
bloomberggraphics,2021,2
bloomberggraphics,2024,3
bloomberggraphics,2025,1
bostonglobe,2011,2
bostonglobe,2012,3
bostonglobe,2013,3
bostonglobe,2014,13
bostonglobe,2015,27
bostonglobe,2016,19
bostonglobe,2017,18
bostonglobe,2018,4
bostonglobe,2021,1
bostonglobe,2023,3
bostonglobe,2024,2
br-data,2016,10
br-data,2017,10
br-data,2018,4
br-data,2019,4
br-data,2020,7
br-data,2021,4
br-data,2022,1
br-data,2023,1
br-data,2024,4
br-data,2025,1
browninstitute,2016,5
browninstitute,2017,3
browninstitute,2019,2
browninstitute,2020,1
browninstitute,2021,2
browninstitute,2022,1
browninstitute,2023,1
browninstitute,2025,2
buzzfeed,2012,2
buzzfeed,2013,2
buzzfeed,2014,4
buzzfeed,2015,3
buzzfeed,2016,3
buzzfeed,2017,2
buzzfeed,2018,2
buzzfeed-openlab,2015,7
buzzfeed-openlab,2016,23
buzzfeed-openlab,2017,10
buzzfeednews,2014,11
buzzfeednews,2015,17
buzzfeednews,2016,29
buzzfeednews,2017,18
buzzfeednews,2018,17
buzzfeednews,2019,10
buzzfeednews,2020,8
buzzfeednews,2021,3
buzzfeednews,2022,2
california-civic-data-coalition,2022,1
calmatters,2017,1
calmatters,2018,2
calmatters,2020,1
calmatters,2022,2
calmatters,2023,5
calmatters,2024,5
calmatters,2025,4
canalplus,2013,1
canalplus,2014,3
canalplus,2015,8
canalplus,2016,3
canalplus,2017,2
canalplus,2018,3
canalplus,2019,2
canalplus,2023,5
carolinadatadesk,2016,7
carolinadatadesk,2017,1
carolinadatadesk,2019,1
carolinadatadesk,2020,1
cbcnews,2014,5
cbcrc,2015,57
cbcrc,2016,6
cbcrc,2017,1
cbcrc,2019,1
cbcrc,2021,4
cbcrc,2023,1
cbcrc,2024,1
cbcrc,2025,4
cbs-news-data,2022,4
cbs-news-data,2023,1
cbs-news-data,2024,10
cbs-news-data,2025,9
censusreporter,2013,8
censusreporter,2014,1
censusreporter,2015,2
censusreporter,2016,1
censusreporter,2020,2
chalkbeat,2016,1
chalkbeat,2017,1
chalkbeat,2020,5
chalkbeat,2021,1
chalkbeat,2022,1
chalkbeat,2023,4
chalkbeat,2024,2
chalkbeat,2025,1
chrondata,2015,1
chrondata,2018,1
cirlabs,2011,2
cirlabs,2012,3
cirlabs,2013,4
cirlabs,2014,5
cirlabs,2015,3
cirlabs,2016,3
cirlabs,2017,6
cirlabs,2018,2
cirlabs,2019,4
cirlabs,2020,1
cirlabs,2022,3
cirlabs,2025,1
city-bureau,2016,2
city-bureau,2017,4
city-bureau,2018,3
city-bureau,2019,18
city-bureau,2020,7
city-bureau,2021,1
city-bureau,2022,3
city-bureau,2023,8
city-bureau,2024,11
city-bureau,2025,3
civica-digital,2014,3
civica-digital,2015,19
civica-digital,2016,11
civica-digital,2017,6
civica-digital,2018,5
civilbeat,2017,2
civio,2013,1
civio,2014,2
civio,2015,12
civio,2016,16
civio,2017,11
civio,2018,9
civio,2019,1
civio,2021,1
civio,2023,1
comp-journalism,2014,1
comp-journalism,2015,3
comp-journalism,2016,5
comp-journalism,2017,1
comp-journalism,2018,2
comp-journalism,2019,1
comp-journalism,2020,2
comp-journalism,2021,2
comp-journalism,2022,2
comp-journalism,2024,1
condenast,2011,2
condenast,2013,4
condenast,2014,2
condenast,2015,4
condenast,2016,2
condenast,2017,6
condenast,2018,4
condenast,2019,9
condenast,2020,7
condenast,2021,6
condenast,2022,5
condenast,2023,2
condenast,2024,4
condenast,2025,2
consumer-reports-innovation-lab,2017,1
consumer-reports-innovation-lab,2020,1
consumer-reports-innovation-lab,2021,1
consumer-reports-innovation-lab,2025,2
consumerreports,2025,1
coralproject,2014,1
coralproject,2015,9
coralproject,2016,20
coralproject,2017,15
coralproject,2018,14
coralproject,2019,2
coralproject,2020,5
coralproject,2021,4
coralproject,2024,1
cornelldatajournal,2023,1
cornelldatajournal,2024,6
cornelldatajournal,2025,11
correctiv,2014,6
correctiv,2015,21
correctiv,2016,13
correctiv,2017,20
correctiv,2018,3
correctiv,2019,3
correctiv,2021,1
correctiv,2022,5
correctiv,2024,1
courierjournal,2015,1
courierjournal,2017,4
courierjournal,2018,1
courierjournal,2019,11
courierjournal,2020,2
cronkite-news,2015,1
cunyjschool,2010,22
cunyjschool,2011,11
cunyjschool,2014,1
cunyjschool,2015,2
dailybeast,2016,1
dailybeast,2017,1
dailybeast,2018,2
dailybeast,2019,1
dailybeast,2025,4
dailycal-projects,2015,1
dailycal-projects,2016,9
dailycal-projects,2017,15
dailycal-projects,2018,10
dailycal-projects,2019,5
dailycal-projects,2020,7
dailycal-projects,2021,3
dailykos,2015,2
dailykos,2017,2
dailykos,2020,1
dallasmorningnews,2012,1
dallasmorningnews,2014,8
dallasmorningnews,2015,14
dallasmorningnews,2016,33
dallasmorningnews,2017,21
dallasmorningnews,2018,10
dallasmorningnews,2019,7
dallasmorningnews,2020,3
dallasmorningnews,2022,6
dallasmorningnews,2023,4
dallasmorningnews,2024,2
dallasmorningnews,2025,4
data-liberation-project,2022,6
data-liberation-project,2023,11
data-liberation-project,2024,6
data-liberation-project,2025,1
datadesk,2009,2
datadesk,2010,5
datadesk,2011,12
datadesk,2012,4
datadesk,2013,10
datadesk,2014,10
datadesk,2015,12
datadesk,2016,12
datadesk,2017,17
datadesk,2018,23
datadesk,2019,31
datadesk,2020,13
datadesk,2021,9
datadesk,2022,6
datadesk,2023,3
datadesk,2024,1
datadesk,2025,1
datahub,2014,1
datahub,2015,1
datahub,2016,17
datahub,2017,6
datahub,2018,1
datahub,2019,1
datahub,2021,1
datahub,2023,1
datahub,2024,1
datamade,2011,2
datamade,2012,6
datamade,2013,14
datamade,2014,27
datamade,2015,27
datamade,2016,29
datamade,2017,21
datamade,2018,16
datamade,2019,10
datamade,2020,9
datamade,2021,2
datamade,2022,6
datamade,2023,4
datamade,2024,5
datamade,2025,4
datanews,2014,3
datanews,2015,20
datanews,2016,12
datanews,2017,3
datanews,2018,1
datawrapper,2012,1
datawrapper,2013,2
datawrapper,2014,2
datawrapper,2016,1
datawrapper,2018,4
datawrapper,2019,5
datawrapper,2020,2
datawrapper,2021,2
delawaredata,2012,2
delawaredata,2013,2
denverpost,2012,1
denverpost,2013,8
denverpost,2014,22
denverpost,2015,42
denverpost,2016,26
denverpost,2017,7
denverpost,2018,11
derspiegel,2013,1
derspiegel,2020,2
derspiegel,2023,3
deseretnews,2018,2
deseretnews,2021,2
dnainfo,2015,2
documentcloud,2009,4
documentcloud,2010,1
documentcloud,2011,3
documentcloud,2012,3
documentcloud,2013,1
documentcloud,2014,3
documentcloud,2015,3
documentcloud,2016,1
documentcloud,2018,2
dowjones,2012,1
dowjones,2013,2
dowjones,2014,10
dowjones,2015,24
dowjones,2016,9
dowjones,2017,3
dowjones,2018,6
dowjones,2019,8
dowjones,2020,4
dowjones,2021,3
dowjones,2022,3
dowjones,2023,1
dowjones,2025,2
dronejournalismlab,2013,1
dronejournalismlab,2016,1
dukechronicle,2011,1
dukechronicle,2012,2
dukechronicle,2013,2
dukechronicle,2014,2
dukechronicle,2015,2
dukechronicle,2016,3
dw-data,2018,23
dw-data,2019,14
dw-data,2020,10
dw-data,2021,16
dw-data,2022,12
dw-data,2023,13
dw-data,2024,13
dw-data,2025,16
economistdigitalsolutions,2015,4
economistdigitalsolutions,2016,1
economistdigitalsolutions,2018,8
economistdigitalsolutions,2019,5
economistdigitalsolutions,2021,1
economistdigitalsolutions,2022,1
enigma-io,2014,3
enigma-io,2015,5
enigma-io,2016,2
enigma-io,2023,1
enigma-io,2025,1
financial-times,2013,9
financial-times,2014,43
financial-times,2015,112
financial-times,2016,244
financial-times,2017,118
financial-times,2018,73
financial-times,2019,46
financial-times,2020,25
financial-times,2021,12
financial-times,2022,10
financial-times,2023,6
financial-times,2024,2
fiquemsabendo,2018,1
fiquemsabendo,2021,2
fiquemsabendo,2025,3
firstlookmedia,2014,1
firstlookmedia,2015,2
firstlookmedia,2016,7
firstlookmedia,2017,3
firstlookmedia,2018,5
firstlookmedia,2019,5
firstlookmedia,2020,2
firstlookmedia,2021,2
fivethirtyeight,2014,2
fivethirtyeight,2015,1
fivethirtyeight,2016,6
fivethirtyeight,2017,1
fivethirtyeight,2018,2
fivethirtyeight,2019,3
fivethirtyeight,2020,3
fivethirtyeight,2021,4
fivethirtyeight,2022,1
flatwaterfreepress,2023,2
flatwaterfreepress,2024,1
flatwaterfreepress,2025,3
folhasp,2015,1
folhasp,2016,4
folhasp,2019,2
folhasp,2024,1
francetv,2014,8
francetv,2015,11
francetv,2016,23
francetv,2017,2
francetv,2019,6
francetv,2020,2
francetv,2024,1
freedomofpress,2012,1
freedomofpress,2013,1
freedomofpress,2015,4
freedomofpress,2016,15
freedomofpress,2017,17
freedomofpress,2018,12
freedomofpress,2019,7
freedomofpress,2020,9
freedomofpress,2021,5
freedomofpress,2022,6
freedomofpress,2023,9
freedomofpress,2024,4
freedomofpress,2025,28
frontlinepbs,2022,2
ft-interactive,2012,5
ft-interactive,2013,11
ft-interactive,2014,12
ft-interactive,2015,20
ft-interactive,2016,81
ft-interactive,2017,88
ft-interactive,2018,9
ft-interactive,2019,6
ft-interactive,2020,1
ft-interactive,2024,1
ftc-editorial,2015,2
ftc-editorial,2016,11
ftc-editorial,2017,1
ftchinese,2015,9
ftchinese,2016,5
ftchinese,2017,14
ftchinese,2018,3
ftchinese,2019,1
ftchinese,2020,3
ftchinese,2021,3
ftchinese,2023,2
ftchinese,2024,1
ftlabs,2012,4
ftlabs,2013,5
ftlabs,2014,3
ftlabs,2015,4
ftlabs,2016,38
ftlabs,2017,29
ftlabs,2018,10
ftlabs,2019,11
ftlabs,2020,5
fullfact,2017,2
fullfact,2019,2
fullfact,2020,1
fullfact,2022,1
fullfact,2023,3
fullfact,2024,2
fullfact,2025,3
gannettdigital,2014,2
gannettdigital,2015,9
gannettdigital,2016,4
gannettdigital,2017,2
gannettdigital,2018,5
gannettdigital,2021,2
gannettdigital,2022,1
gannettdigital,2024,1
gannettdigital,2025,2
gatehousemedia,2018,3
gatehousemedia,2019,14
gawkermedia,2012,1
gawkermedia,2014,3
gawkermedia,2015,6
gawkermedia,2016,4
gawkermedia,2017,3
gawkermedia,2018,2
gawkermedia,2019,5
gdnmobilelab,2016,24
gdnmobilelab,2017,13
gdnmobilelab,2018,4
globeandmail,2015,1
globeandmail,2017,14
globeandmail,2018,8
globeandmail,2019,17
globeandmail,2020,5
globeandmail,2021,5
globocom,2010,1
globocom,2011,4
globocom,2012,29
globocom,2013,13
globocom,2014,32
globocom,2015,13
globocom,2016,34
globocom,2017,46
globocom,2018,42
globocom,2019,15
globocom,2020,16
globocom,2021,12
globocom,2022,5
globocom,2024,1
globocom,2025,5
gmg-special-projects-desk,2017,2
gmg-special-projects-desk,2018,2
gmg-special-projects-desk,2019,5
gmg-special-projects-desk,2020,3
googletrends,2015,17
googletrends,2016,18
googletrends,2017,19
googletrends,2018,15
googletrends,2019,7
googletrends,2020,3
googletrends,2022,2
govtrack,2011,1
govtrack,2012,3
govtrack,2013,3
govtrack,2014,5
govtrack,2015,3
govtrack,2016,1
govtrack,2017,4
govtrack,2019,2
govtrack,2020,1
govtrack,2025,1
grist-data-desk,2022,1
grist-data-desk,2023,4
grist-data-desk,2024,3
grist-data-desk,2025,7
guardian,2010,9
guardian,2011,15
guardian,2012,29
guardian,2013,65
guardian,2014,130
guardian,2015,190
guardian,2016,221
guardian,2017,236
guardian,2018,210
guardian,2019,200
guardian,2020,190
guardian,2021,136
guardian,2022,127
guardian,2023,93
guardian,2024,47
guardian,2025,24
haaretz,2015,1
haaretz,2016,18
haaretz,2017,6
haaretz,2018,2
haaretz,2019,2
haaretz,2020,3
haaretz,2021,1
haaretz,2022,4
haaretz,2024,1
hackshackers,2011,1
hackshackers,2012,2
hackshackers,2013,1
hackshackers,2015,3
hackshackers,2016,4
hackshackers,2017,2
hartfordcourant,2015,9
hartfordcourant,2017,1
harvard-lampoon,2021,1
harvard-lampoon,2022,1
hbrgtech,2014,3
hearst-dd,2014,1
hearst-dd,2015,3
hearst-dd,2016,1
hearst-dd,2018,1
hearst-hatchery,2018,2
hearstcorp,2014,1
hearstcorp,2015,3
hearstcorp,2017,2
hechinger,2014,1
hechinger,2023,2
hechinger,2024,1
hechinger,2025,2
hindustantimeslabs,2016,13
hindustantimeslabs,2017,33
hindustantimeslabs,2018,5
houston-chronicle,2018,12
houston-chronicle,2019,1
houston-chronicle,2022,2
houston-chronicle,2023,1
howard-center-investigations,2019,5
howard-center-investigations,2020,1
howard-center-investigations,2021,1
howard-center-investigations,2022,1
howard-center-investigations,2025,1
icfj-org,2016,1
icij,2013,1
icij,2014,1
icij,2015,1
icij,2016,2
icij,2017,1
icij,2018,8
icij,2019,7
icij,2020,21
icij,2021,3
icij,2022,3
icij,2023,9
icij,2024,6
icij,2025,3
imedd-lab,2020,1
imedd-lab,2022,1
imedd-lab,2024,3
imedd-lab,2025,1
infoamazonia,2012,1
infoamazonia,2014,4
infoamazonia,2015,9
infoamazonia,2016,1
infoamazonia,2018,2
infoamazonia,2019,2
infoamazonia,2020,8
infoamazonia,2021,1
infoamazonia,2023,1
infoamazonia,2024,1
initiumlab,2015,20
initiumlab,2016,18
initiumlab,2017,1
initiumlab,2018,1
initiumlab,2019,1
initiumlab,2021,1
inn,2013,3
inn,2014,10
inn,2015,5
inn,2016,45
inn,2017,27
inn,2018,1
inn,2019,7
inn,2020,4
insideclimatenews,2022,1
insideclimatenews,2023,3
insideclimatenews,2024,2
insideclimatenews,2025,9
insideenergy,2014,2
insideenergy,2015,3
insideenergy,2016,4
internews-ke,2014,4
invinst,2015,2
invinst,2016,9
invinst,2017,1
invinst,2019,4
invinst,2020,2
invinst,2025,1
ireapps,2011,1
ireapps,2014,1
ireapps,2015,1
ireapps,2017,2
ireapps,2018,6
ireapps,2019,6
ireapps,2020,3
ireapps,2021,3
ireapps,2022,5
ireapps,2023,4
ireapps,2024,5
ireapps,2025,4
irworkshop,2012,1
irworkshop,2013,2
irworkshop,2014,1
irworkshop,2019,3
islandpacket,2021,1
journalismai,2022,7
jplusplus,2012,3
jplusplus,2013,23
jplusplus,2014,15
jplusplus,2015,33
jplusplus,2016,14
jplusplus,2017,11
jplusplus,2018,8
jplusplus,2019,4
jplusplus,2020,2
jplusplus,2023,1
kffdata,2020,1
khnews,2020,2
khnews,2021,2
khnews,2022,1
kiln,2012,1
kiln,2013,2
kiln,2015,2
kiln,2017,16
kiln,2018,4
kiln,2019,4
kiln,2021,7
kiln,2022,5
kiln,2023,3
kiln,2024,4
kpbs,2013,1
kpbs,2014,1
kqed,2014,3
kqed,2015,2
kqed,2016,3
kqed,2019,1
kqed,2022,2
kqed,2023,2
kqed,2024,2
kqed,2025,1
labsletemps,2014,15
labsletemps,2015,3
labsletemps,2016,1
labsletemps,2017,1
labsletemps,2018,3
labsletemps,2019,3
labsletemps,2020,8
lanacioncom,2013,2
lanacioncom,2014,1
lanacioncom,2015,8
lanacioncom,2016,3
lanacioncom,2018,2
lanacioncom,2022,1
lanacioncom,2025,1
laopinion,2016,2
laopinion,2017,6
laopinion,2018,10
laopinion,2019,3
laopinion,2022,1
learninglab,2014,6
lemonde,2014,4
lemonde,2019,1
lemonde,2020,1
lemonde,2021,1
lemonde,2022,1
lemonde,2023,1
lemonde,2025,2
lenfest-institute,2024,1
lenfestlab,2018,1
lenfestlab,2021,1
lenfestlab,2022,1
liberation,2010,2
liberation,2011,3
liberation,2012,4
liberation,2013,8
liberation,2014,6
liberation,2016,1
liberation,2017,2
lighthouse-reports,2021,2
lighthouse-reports,2022,3
lighthouse-reports,2023,2
lighthouse-reports,2024,4
lighthouse-reports,2025,2
localatbrown,2020,1
localatbrown,2021,3
localatbrown,2022,2
localatbrown,2023,3
localatbrown,2024,1
localatbrown,2025,1
mailonline,2013,3
mailonline,2014,8
mailonline,2015,11
mailonline,2016,16
mailonline,2017,10
mailonline,2018,5
mailonline,2019,1
mailonline,2020,3
mailonline,2021,2
mailonline,2022,1
mailonline,2023,1
mashable,2012,2
mashable,2013,1
mashable,2014,1
mashable,2016,2
mashable,2018,1
mcclatchy,2014,2
mcclatchy,2016,1
mcclatchy,2017,18
mcclatchy,2018,9
mcclatchy,2019,4
mcclatchy,2020,1
mcclatchy,2022,5
mcclatchy,2023,4
mcclatchy,2025,1
mcclatchy-southeast,2021,1
mcclatchy-southeast,2022,5
mcclatchy-southeast,2023,5
mcclatchy-southeast,2024,1
meedan,2011,2
meedan,2012,6
meedan,2014,7
meedan,2015,9
meedan,2016,8
meedan,2017,6
meedan,2018,6
meedan,2019,3
meedan,2020,8
meedan,2021,6
meedan,2022,3
meedan,2023,1
meedan,2024,1
meedan,2025,1
miamiherald,2016,12
miamiherald,2017,5
miamiherald,2022,1
michiganradio,2014,1
micnews,2014,46
micnews,2015,25
micnews,2016,46
micnews,2017,7
micnews,2018,3
minneapolisstartribune,2014,1
minneapolisstartribune,2017,2
minneapolisstartribune,2021,2
minneapolisstartribune,2022,4
minneapolisstartribune,2024,2
minneapolisstartribune,2025,4
minnpost,2011,3
minnpost,2012,37
minnpost,2013,38
minnpost,2014,37
minnpost,2015,6
minnpost,2016,12
minnpost,2017,6
minnpost,2018,10
minnpost,2019,6
minnpost,2020,2
minnpost,2021,1
minnpost,2022,10
mirror-media,2016,5
mirror-media,2017,9
mirror-media,2018,1
mirror-media,2019,2
mirror-media,2020,9
mirror-media,2021,10
mirror-media,2022,4
mirror-media,2023,3
mirror-media,2024,1
mirror-media,2025,1
missionlocal,2021,1
missionlocal,2024,2
missionlocal,2025,6
motherjones,2012,6
motherjones,2013,13
motherjones,2014,28
motherjones,2015,1
motherjones,2017,2
motherjones,2018,1
motherjones,2019,3
motherjones,2020,3
motherjones,2021,4
motherjones,2022,6
motherjones,2023,2
mtfreepress,2024,7
mtfreepress,2025,6
muckrack,2025,1
muckrock,2013,1
muckrock,2014,2
muckrock,2016,1
muckrock,2017,2
muckrock,2018,1
muckrock,2019,5
muckrock,2020,3
muckrock,2021,1
muckrock,2022,25
muckrock,2023,21
muckrock,2024,10
muckrock,2025,6
natgeosociety,2019,1
natgeosociety,2020,7
nbcnews,2013,1
nbcnews,2015,1
nbcnews,2016,1
nbcnews,2017,4
nbcnews,2018,1
nbcnews,2019,4
nbcnews,2020,1
nbcnews,2021,1
news-catalyst,2019,8
news-catalyst,2020,9
newsappajc,2013,8
newsappajc,2014,2
newsappajc,2015,7
newsappajc,2016,3
newsappajc,2017,1
newsappajc,2020,1
newsappajc,2021,1
newsapps,2010,6
newsapps,2011,10
newsapps,2012,7
newsapps,2013,8
newsapps,2014,3
newsapps,2015,8
newsapps,2016,9
newsapps,2019,1
newsappsio,2015,2
newscientistapps,2013,5
newscientistapps,2014,1
newsday,2014,2
newsdev,2013,1
newsdev,2014,3
newsdev,2015,32
newsdev,2016,10
newsdev,2017,16
newsdev,2018,9
newshour,2011,2
newshour,2012,3
newshour,2017,1
newshour,2021,2
newshour,2023,1
newslynx,2014,17
newslynx,2015,17
newsrevenuehub,2021,1
newsroomdevelopment,2021,26
newsroomdevelopment,2022,10
newyorker,2014,3
newyorker,2015,3
niemanlab,2013,1
nmg-digital,2022,1
npr,2012,6
npr,2013,5
npr,2014,2
npr,2016,2
npr,2017,2
npr,2018,7
npr,2019,5
npr,2020,1
npr,2021,1
nprapps,2012,12
nprapps,2013,41
nprapps,2014,24
nprapps,2015,27
nprapps,2016,25
nprapps,2017,41
nprapps,2018,11
nprapps,2019,9
nprapps,2020,6
nprapps,2021,8
nprapps,2022,1
nprapps,2023,4
nprapps,2024,3
nprlabs,2013,1
nprlabs,2014,1
nprlabs,2015,1
nprlabs,2016,2
nprlabs,2017,1
nrkno,2013,1
nrkno,2014,1
nrkno,2015,1
nrkno,2016,9
nrkno,2017,13
nrkno,2018,20
nrkno,2019,13
nrkno,2020,6
nrkno,2021,5
nrkno,2022,13
nrkno,2023,12
nrkno,2024,6
nrkno,2025,10
nuknightlab,2012,3
nuknightlab,2013,11
nuknightlab,2014,10
nuknightlab,2015,8
nuknightlab,2016,14
nuknightlab,2017,12
nuknightlab,2018,4
nuknightlab,2019,3
nuknightlab,2020,2
nuknightlab,2023,2
nuknightlab,2024,2
nuknightlab,2025,2
nydailynews,2017,44
nydailynews,2018,16
nymag,2015,11
nymag,2016,6
nymag,2017,5
nymag,2018,4
nymag,2019,3
nymag,2021,2
nypublicradio,2014,3
nypublicradio,2015,1
nypublicradio,2016,11
nypublicradio,2017,26
nypublicradio,2018,10
nypublicradio,2019,10
nypublicradio,2020,7
nypublicradio,2021,3
nypublicradio,2022,4
nypublicradio,2023,5
nypublicradio,2024,1
nytimes,2010,5
nytimes,2011,5
nytimes,2012,3
nytimes,2013,5
nytimes,2014,8
nytimes,2015,5
nytimes,2016,19
nytimes,2017,13
nytimes,2018,3
nytimes,2019,9
nytimes,2020,3
nytimes,2021,6
nytimes,2022,6
nytimes,2023,3
nytimes,2025,2
nytlabs,2013,6
nytlabs,2014,8
nytlabs,2015,2
nytlabs,2016,2
nytlabs,2017,1
nytlabs,2020,1
nzzdev,2015,3
nzzdev,2016,7
nzzdev,2017,14
nzzdev,2018,4
nzzdev,2019,1
nzzdev,2020,3
nzzdev,2021,3
nzzdev,2022,6
nzzdev,2023,1
nzzdev,2024,1
nzzdev,2025,4
occrp,2015,11
occrp,2016,3
occrp,2017,3
occrp,2018,1
occrp,2020,10
occrp,2022,1
occrp,2024,1
openelections,2012,2
openelections,2013,5
openelections,2014,23
openelections,2015,36
openelections,2016,29
openelections,2017,19
openelections,2018,8
openelections,2019,2
openelections,2020,2
openelections,2021,3
openelections,2022,2
openelections,2025,1
opennews,2014,3
opennews,2015,3
opennews,2016,3
opennews,2017,4
opennews,2018,2
opennews,2019,3
opennews,2020,2
opennews,2021,1
opennews,2022,1
opennews,2023,2
opennews,2024,1
opennews,2025,1
opennewslabs,2012,4
opennewslabs,2013,1
opennewslabs,2014,2
opennewslabs,2015,1
opennewslabs,2016,19
opennewslabs,2017,7
opennewslabs,2018,1
opensecrets,2014,2
openstates,2009,1
openstates,2011,3
openstates,2012,1
openstates,2014,1
openstates,2015,1
openstates,2016,1
openstates,2017,5
openstates,2018,1
openstates,2019,2
openstates,2020,3
openstates,2021,3
openstates,2022,1
openstates,2023,2
openstates,2025,2
oregonian,2013,1
oregonian,2015,1
orlandosentinel,2015,1
orlandosentinel,2016,4
overview,2011,2
overview,2012,2
overview,2013,4
overview,2014,9
overview,2015,19
overview,2017,3
overview,2018,12
overview,2020,2
palmbeachpost,2014,8
palmbeachpost,2015,7
palmbeachpost,2016,5
palmbeachpost,2017,2
palmbeachpost,2018,2
palmbeachpost,2019,1
phillymedia,2016,1
phillymedia,2017,30
phillymedia,2018,16
phillymedia,2019,2
phillymedia,2020,1
phillymedia,2022,4
phillymedia,2023,2
phillymedia,2024,1
phillymedia,2025,2
pitchinteractiveinc,2013,1
pitchinteractiveinc,2016,3
pitchinteractiveinc,2017,1
pitchinteractiveinc,2022,1
poderopedia,2012,2
poderopedia,2013,6
poderopedia,2014,1
policymic,2014,1
politibot,2018,2
polygraph-cool,2017,3
polygraph-cool,2018,3
polygraph-cool,2019,1
polygraph-cool,2020,4
polygraph-cool,2025,1
postandcourier,2014,2
postandcourier,2015,7
postandcourier,2018,1
postandcourier,2019,1
postandcourier,2020,4
postdispatchinteractive,2012,2
postdispatchinteractive,2014,2
postdispatchinteractive,2015,2
postdispatchinteractive,2016,1
postdispatchinteractive,2019,2
postdispatchinteractive,2020,1
postdispatchinteractive,2023,1
povdocs,2014,8
povdocs,2015,3
povdocs,2016,1
proofnews,2024,1
propublica,2009,2
propublica,2010,8
propublica,2011,4
propublica,2012,4
propublica,2013,4
propublica,2014,4
propublica,2015,1
propublica,2016,6
propublica,2017,8
propublica,2018,9
propublica,2019,7
propublica,2020,1
propublica,2021,1
propublica,2022,2
propublica,2025,2
prx,2011,9
prx,2012,1
prx,2013,13
prx,2014,17
prx,2015,13
prx,2016,6
prx,2017,12
prx,2018,6
prx,2019,6
prx,2020,1
prx,2021,7
prx,2022,9
prx,2023,3
prx,2024,20
prx,2025,2
publici,2014,1
publici,2015,1
publici,2016,5
publici,2017,8
publici,2018,26
publici,2019,11
publici,2020,11
publici,2021,4
publici,2023,1
publicradiointernational,2014,1
publicradiointernational,2015,2
publicradiointernational,2017,1
publicradiointernational,2018,1
publicsource,2016,2
publicsource,2017,5
publicsource,2018,1
publicsource,2019,3
publicsource,2020,1
publicsource,2021,1
publicsource,2022,1
publicsource,2025,1
quartz,2013,1
quartz,2014,2
quartz,2015,7
quartz,2016,22
quartz,2017,32
quartz,2018,3
quartz,2019,12
quartz,2020,9
quartz,2021,1
radiofrance,2016,1
radiofrance,2017,7
radiofrance,2019,1
radiofrance,2020,3
radiofrance,2021,1
radiofrance,2022,3
radiofrance,2023,3
radiofrance,2024,4
radiofrance,2025,6
reesenewslab,2017,2
reesenewslab,2021,1
reesenewslab,2024,1
registerguard,2010,4
registerguard,2011,4
registerguard,2012,11
registerguard,2013,13
registerguard,2014,11
registerguard,2015,6
registerguard,2016,9
registerguard,2017,15
registerguard,2018,9
registerguard,2019,2
resolve-philly,2019,2
resolve-philly,2024,2
reuters-graphics,2019,1
reuters-graphics,2020,34
reuters-graphics,2021,27
reuters-graphics,2022,2
reuters-graphics,2023,1
reuters-graphics,2024,3
reuters-graphics,2025,3
rferl,2022,1
rferl,2023,1
rferl,2025,1
rgnewsroom,2014,5
rji-futures-lab,2018,4
rji-futures-lab,2019,8
rji-futures-lab,2020,6
rji-futures-lab,2021,3
row-engineering,2023,1
row-engineering,2024,1
sa-express-news,2014,7
sa-express-news,2015,1
sa-express-news,2017,48
sa-express-news,2018,17
sa-express-news,2019,5
sahanjournal,2023,1
sahanjournal,2025,5
scmp,2019,1
scmp,2020,3
scpr,2011,2
scpr,2012,7
scpr,2013,18
scpr,2014,15
scpr,2015,11
scpr,2016,10
scpr,2017,4
scpr,2018,11
scpr,2019,5
scpr,2020,2
scpr,2021,1
sdut-datadesk,2020,1
sdut-datadesk,2021,7
sdut-datadesk,2022,1
seattletimes,2012,1
seattletimes,2014,23
seattletimes,2015,88
seattletimes,2016,90
seattletimes,2017,61
seattletimes,2018,65
seattletimes,2019,50
seattletimes,2020,50
seattletimes,2021,19
seattletimes,2022,10
seattletimes,2025,6
sfchronicle,2015,12
sfchronicle,2016,49
sfchronicle,2017,79
sfchronicle,2018,20
sfchronicle,2019,3
sfchronicle,2020,1
sfchronicle,2021,2
sfchronicle,2022,10
sfchronicle,2023,6
sfchronicle,2024,1
sfchronicle,2025,1
slategroup,2012,1
slategroup,2013,1
slategroup,2016,1
slategroup,2017,2
slategroup,2018,1
slategroup,2019,1
sourcefabric,2010,2
sourcefabric,2023,1
southsideweekly,2018,3
southsideweekly,2019,2
southsideweekly,2021,2
spiegelgraphics,2021,3
spiegelgraphics,2022,3
spiegelgraphics,2023,3
spiegelgraphics,2024,2
spiegelgraphics,2025,3
spiritedmedia,2016,3
spiritedmedia,2017,2
spiritedmedia,2018,1
spiritedmedia,2019,1
spotlightpa,2019,5
spotlightpa,2020,5
spotlightpa,2021,6
spotlightpa,2022,2
spotlightpa,2023,4
spotlightpa,2024,2
spotlightpa,2025,6
srfdata,2015,9
srfdata,2016,3
srfdata,2017,8
srfdata,2018,6
srfdata,2019,13
statesman,2014,24
statesman,2015,44
statesman,2016,14
statesman,2017,6
statesman,2018,7
statesman,2019,1
statesman,2020,1
statesnewsroom,2022,1
stlpublicradio,2014,25
stlpublicradio,2015,3
stlpublicradio,2016,3
stlpublicradio,2017,1
stlpublicradio,2018,1
stlpublicradio,2019,3
stlpublicradio,2020,1
stlpublicradio,2021,2
stlpublicradio,2023,8
storyful,2013,1
storyful,2016,1
storyful,2017,1
storyful,2021,1
storyful,2022,1
storyful,2023,1
striblab,2017,53
striblab,2018,61
striblab,2019,52
striblab,2020,37
striblab,2021,4
striblab,2022,6
striblab,2023,2
striblab,2024,3
striblab,2025,3
sueddeutsche,2016,3
sueddeutsche,2017,11
sueddeutsche,2018,2
sueddeutsche,2019,4
sueddeutsche,2020,7
sueddeutsche,2021,1
sueddeutsche,2022,2
sueddeutsche,2023,1
sueddeutsche,2025,2
sunlightlabs,2008,2
sunlightlabs,2009,11
sunlightlabs,2010,27
sunlightlabs,2011,32
sunlightlabs,2012,35
sunlightlabs,2013,24
sunlightlabs,2014,29
sunlightlabs,2015,26
sunlightlabs,2016,37
sunlightlabs,2017,1
sunsentinel,2016,4
sunsentinel,2017,2
sunsentinel,2018,7
sunsentinel,2019,1
sunsentinel,2020,1
sunsentinel,2021,1
tageswoche,2012,2
tageswoche,2013,2
tageswoche,2016,4
tageswoche,2017,8
tageswoche,2018,5
tarbell-project,2012,1
tarbell-project,2013,1
tarbell-project,2014,1
tbtimes,2013,1
tbtimes,2014,2
tbtimes,2015,1
tbtimes,2016,8
tbtimes,2017,2
tbtimes,2018,3
tbtimes,2025,2
teamtrace,2019,1
technologyreview,2014,2
technologyreview,2015,1
technologyreview,2017,1
technologyreview,2019,1
telegraph,2020,1
texastribune,2010,2
texastribune,2011,3
texastribune,2012,13
texastribune,2013,21
texastribune,2014,41
texastribune,2015,34
texastribune,2016,20
texastribune,2017,12
texastribune,2018,8
texastribune,2019,7
texastribune,2020,2
texastribune,2021,1
texastribune,2024,1
texty,2012,1
texty,2015,5
texty,2016,15
texty,2017,20
texty,2018,40
texty,2019,37
texty,2020,14
texty,2021,19
texty,2022,20
texty,2023,20
texty,2024,6
texty,2025,8
the-19th,2024,1
the-baltimore-banner,2022,8
the-baltimore-banner,2023,14
the-baltimore-banner,2024,1
the-baltimore-banner,2025,7
the-irish-times,2018,1
the-markup,2020,16
the-markup,2021,33
the-markup,2022,14
the-markup,2023,11
the-markup,2024,5
the-markup,2025,3
the-politico,2017,25
the-politico,2018,36
the-politico,2019,19
the-politico,2020,7
the-politico,2021,6
the-politico,2022,3
the-pudding,2016,4
the-pudding,2017,16
the-pudding,2018,34
the-pudding,2019,53
the-pudding,2020,45
the-pudding,2021,27
the-pudding,2022,26
the-pudding,2023,27
the-pudding,2024,31
the-pudding,2025,14
theadvocate,2014,1
theatlantic,2011,10
theatlantic,2012,4
theatlantic,2013,9
theatlantic,2014,2
theatlantic,2015,2
theatlantic,2016,3
theatlantic,2017,6
theatlantic,2018,8
theatlantic,2019,2
theatlantic,2023,1
theatlantic,2025,1
thechicagoreporter,2016,3
thechicagoreporter,2017,3
thechicagoreporter,2018,2
thechicagoreporter,2019,1
thechicagoreporter,2020,4
thecityny,2020,3
thecityny,2021,3
thecityny,2022,13
thecityny,2023,5
thecityny,2025,5
theeconomist,2018,3
theeconomist,2020,6
theeconomist,2021,9
theeconomist,2022,7
theeconomist,2023,8
theeconomist,2024,3
theeconomist,2025,3
thegazette,2013,1
thegazette,2014,11
thegazette,2019,1
thegazette,2022,1
thegazette,2024,1
thelens,2014,3
thelens,2015,6
thelens,2016,2
themarshallproject,2015,6
themarshallproject,2016,4
themarshallproject,2017,1
themarshallproject,2018,2
themarshallproject,2019,2
themarshallproject,2020,6
themarshallproject,2021,4
themarshallproject,2022,2
themarshallproject,2025,3
theonion,2012,1
theonion,2013,7
theonion,2014,25
theonion,2015,34
theonion,2016,5
theonion,2017,1
theoregonian,2016,6
theoregonian,2017,2
theoregonian,2019,3
theparanoids,2018,1
theparanoids,2019,2
theparanoids,2020,5
theparanoids,2021,2
theparanoids,2022,4
theparanoids,2023,1
therapplers,2018,2
theupshot,2013,2
theupshot,2014,13
theupshot,2015,4
theupshot,2016,3
theupshot,2017,2
theupshot,2018,1
theupshot,2020,1
thomsonreuters,2013,2
thomsonreuters,2015,6
thomsonreuters,2016,2
thomsonreuters,2017,18
thomsonreuters,2018,14
thomsonreuters,2019,1
thomsonreuters,2021,1
thomsonreuters,2024,2
thomsonreuters,2025,2
thunderdome-data,2014,37
timemagazine,2013,2
timemagazine,2014,5
timemagazine,2015,7
timemagazine,2016,6
timemagazine,2017,6
timemagazinelabs,2013,1
timemagazinelabs,2014,2
timemagazinelabs,2015,1
timemagazinelabs,2017,3
timemagazinelabs,2018,1
timemagazinelabs,2019,5
timemagazinelabs,2020,1
timemagazinelabs,2021,1
times,2013,1
times,2014,13
times,2015,6
times,2016,6
times,2017,7
times,2018,3
times,2019,3
times,2025,3
trendct,2015,22
trendct,2016,13
tribune,2011,4
tribune,2012,9
tribune,2014,1
tribune,2018,4
tribune,2021,1
tribune,2023,1
twreporter,2015,6
twreporter,2016,9
twreporter,2017,8
twreporter,2018,1
twreporter,2019,2
twreporter,2020,2
twreporter,2022,4
twreporter,2023,1
twreporter,2025,2
usafacts,2022,1
usatoday,2016,1
usatoday,2018,1
usatoday,2021,1
usatoday,2022,3
usatoday,2023,1
usatoday,2024,1
usatoday,2025,2
vgno,2011,4
vgno,2012,1
vgno,2013,5
vgno,2014,6
vgno,2015,18
vgno,2016,9
vgno,2017,1
vgno,2019,2
vgno,2021,1
vgno,2022,3
vgno,2023,1
vgno,2024,1
vicemedia,2015,1
vicemedia,2016,4
vicemedia,2017,3
vicemedia,2018,5
vicemedia,2019,3
vicemedia,2020,3
vicemedia,2021,2
voanews,2017,2
voanews,2018,1
voanews,2019,1
voxmedia,2012,2
voxmedia,2013,2
voxmedia,2014,15
voxmedia,2015,14
voxmedia,2016,11
voxmedia,2017,5
voxmedia,2018,5
voxmedia,2019,8
voxmedia,2020,5
voxmedia,2021,1
voxmedia,2022,8
voxmedia,2023,9
voxmedia,2025,2
vprnet,2013,5
vprnet,2014,29
vprnet,2015,16
vprnet,2016,8
vprnet,2017,6
vprnet,2025,1
washingtoncitypaper,2015,1
washingtoncitypaper,2016,3
washingtonpost,2012,2
washingtonpost,2013,2
washingtonpost,2014,2
washingtonpost,2015,10
washingtonpost,2016,18
washingtonpost,2017,5
washingtonpost,2018,8
washingtonpost,2019,5
washingtonpost,2020,8
washingtonpost,2021,5
washingtonpost,2022,9
washingtonpost,2023,2
washingtonpost,2024,2
washingtonpost,2025,1
washingtonpost-archive,2012,8
washingtontimes,2009,1
wbez,2012,1
wbez,2015,12
wbez,2016,12
wbez,2017,2
wbez,2019,1
wbez,2020,1
wbez,2021,1
wbez,2022,1
wbez,2025,1
wbur,2020,3
wbur,2021,2
wbur,2022,1
wearehearken,2017,1
wearehearken,2019,1
wearehearken,2020,1
wgbh,2010,1
wgbh,2011,3
wgbh,2012,1
wgbh,2013,2
wgbh,2014,2
wgbh,2015,4
wgbh,2016,10
wgbh,2017,3
wgbh,2018,1
wgbh,2019,8
wgbh,2021,3
wireservice,2011,2
wireservice,2014,1
wireservice,2015,5
wireservice,2016,6
wireservice,2017,1
wireservice,2019,1
wnpr,2019,2
wnyc,2011,2
wnyc,2012,5
wnyc,2013,26
wnyc,2014,12
wnyc,2015,1
wnyc,2016,1
worldcompany,2010,1
worldcompany,2012,1
wpinvestigative,2017,3
wpinvestigative,2018,2
wpinvestigative,2019,2
wpinvestigative,2020,5
wpinvestigative,2021,9
wpinvestigative,2022,1
wraldata,2014,5
wraldata,2015,3
wraldata,2016,1
wraldata,2018,2
wraldata,2019,1
wraldata,2020,2
wsj,2015,5
wsj,2016,2
wsj,2017,2
wsj,2020,1
yleisradio,2013,3
yleisradio,2014,9
yleisradio,2015,4
yleisradio,2016,5
yleisradio,2017,4
yleisradio,2018,5
yleisradio,2019,4
yleisradio,2020,3
yleisradio,2021,4
youthradio,2012,4
youthradio,2013,3
youthradio,2014,5
youthradio,2015,8
youthradio,2016,2
youthradio,2017,10
youthradio,2018,14
youthradio,2019,9
youthradio,2020,13
youthradio,2021,4
zeitonline,2012,4
zeitonline,2013,2
zeitonline,2014,2
zeitonline,2015,46
zeitonline,2016,8
zeitonline,2017,14
zeitonline,2018,20
zeitonline,2019,16
zeitonline,2020,8
zeitonline,2021,4
zeitonline,2022,3
zeitonline,2023,7
zeitonline,2024,5
zeitonline,2025,9
